{
  "last_node_id": 479,
  "last_link_id": 733,
  "nodes": [
    {
      "id": 448,
      "type": "tri3d-pose-to-image",
      "pos": [
        2746,
        -35
      ],
      "size": {
        "0": 315,
        "1": 58
      },
      "flags": {},
      "order": 7,
      "mode": 0,
      "inputs": [
        {
          "name": "pose_json_file",
          "type": "STRING",
          "link": 690,
          "widget": {
            "name": "pose_json_file"
          }
        }
      ],
      "outputs": [
        {
          "name": "IMAGE",
          "type": "IMAGE",
          "links": [
            688,
            715,
            716,
            717,
            718
          ],
          "shape": 3,
          "slot_index": 0
        }
      ],
      "properties": {
        "Node name for S&R": "tri3d-pose-to-image"
      },
      "widgets_values": [
        "dwpose/keypoints"
      ]
    },
    {
      "id": 456,
      "type": "tri3d-pose-adaption",
      "pos": [
        3098,
        -300
      ],
      "size": {
        "0": 315,
        "1": 174
      },
      "flags": {},
      "order": 9,
      "mode": 0,
      "inputs": [
        {
          "name": "input_pose_json_file",
          "type": "STRING",
          "link": 725,
          "widget": {
            "name": "input_pose_json_file"
          }
        },
        {
          "name": "ref_pose_json_file",
          "type": "STRING",
          "link": 696,
          "widget": {
            "name": "ref_pose_json_file"
          }
        }
      ],
      "outputs": [
        {
          "name": "IMAGE",
          "type": "IMAGE",
          "links": [
            695
          ],
          "shape": 3,
          "slot_index": 0
        },
        {
          "name": "BOOLEAN",
          "type": "BOOLEAN",
          "links": null,
          "shape": 3
        }
      ],
      "properties": {
        "Node name for S&R": "tri3d-pose-adaption"
      },
      "widgets_values": [
        "dwpose/keypoints",
        "dwpose/keypoints",
        "front",
        10,
        " no_sleeve_garment"
      ]
    },
    {
      "id": 457,
      "type": "tri3d-pose-adaption",
      "pos": [
        3105,
        -15
      ],
      "size": {
        "0": 315,
        "1": 174
      },
      "flags": {},
      "order": 10,
      "mode": 0,
      "inputs": [
        {
          "name": "input_pose_json_file",
          "type": "STRING",
          "link": 726,
          "widget": {
            "name": "input_pose_json_file"
          }
        },
        {
          "name": "ref_pose_json_file",
          "type": "STRING",
          "link": 700,
          "widget": {
            "name": "ref_pose_json_file"
          }
        }
      ],
      "outputs": [
        {
          "name": "IMAGE",
          "type": "IMAGE",
          "links": [
            697
          ],
          "shape": 3,
          "slot_index": 0
        },
        {
          "name": "BOOLEAN",
          "type": "BOOLEAN",
          "links": null,
          "shape": 3
        }
      ],
      "properties": {
        "Node name for S&R": "tri3d-pose-adaption"
      },
      "widgets_values": [
        "dwpose/keypoints",
        "dwpose/keypoints",
        "front",
        10,
        "half_sleeve_garment"
      ]
    },
    {
      "id": 458,
      "type": "tri3d-pose-adaption",
      "pos": [
        3099,
        248
      ],
      "size": {
        "0": 315,
        "1": 174
      },
      "flags": {},
      "order": 11,
      "mode": 0,
      "inputs": [
        {
          "name": "input_pose_json_file",
          "type": "STRING",
          "link": 727,
          "widget": {
            "name": "input_pose_json_file"
          }
        },
        {
          "name": "ref_pose_json_file",
          "type": "STRING",
          "link": 704,
          "widget": {
            "name": "ref_pose_json_file"
          }
        }
      ],
      "outputs": [
        {
          "name": "IMAGE",
          "type": "IMAGE",
          "links": [
            698
          ],
          "shape": 3,
          "slot_index": 0
        },
        {
          "name": "BOOLEAN",
          "type": "BOOLEAN",
          "links": null,
          "shape": 3
        }
      ],
      "properties": {
        "Node name for S&R": "tri3d-pose-adaption"
      },
      "widgets_values": [
        "dwpose/keypoints",
        "dwpose/keypoints",
        "front",
        10,
        "full_sleeve_garment"
      ]
    },
    {
      "id": 461,
      "type": "Reroute",
      "pos": [
        2962,
        565
      ],
      "size": [
        75,
        26
      ],
      "flags": {},
      "order": 12,
      "mode": 0,
      "inputs": [
        {
          "name": "",
          "type": "*",
          "link": 728,
          "widget": {
            "name": "value"
          }
        }
      ],
      "outputs": [
        {
          "name": "",
          "type": "STRING",
          "links": [
            709,
            710
          ],
          "slot_index": 0
        }
      ],
      "properties": {
        "showOutputText": false,
        "horizontal": false
      }
    },
    {
      "id": 454,
      "type": "PreviewImage",
      "pos": [
        3927,
        290
      ],
      "size": {
        "0": 210,
        "1": 246
      },
      "flags": {},
      "order": 25,
      "mode": 0,
      "inputs": [
        {
          "name": "images",
          "type": "IMAGE",
          "link": 698
        }
      ],
      "properties": {
        "Node name for S&R": "PreviewImage"
      }
    },
    {
      "id": 462,
      "type": "PreviewImage",
      "pos": [
        3927,
        594
      ],
      "size": [
        210,
        246
      ],
      "flags": {},
      "order": 28,
      "mode": 0,
      "inputs": [
        {
          "name": "images",
          "type": "IMAGE",
          "link": 713
        }
      ],
      "properties": {
        "Node name for S&R": "PreviewImage"
      }
    },
    {
      "id": 459,
      "type": "tri3d-pose-adaption",
      "pos": [
        3098,
        593
      ],
      "size": {
        "0": 315,
        "1": 174
      },
      "flags": {},
      "order": 26,
      "mode": 0,
      "inputs": [
        {
          "name": "input_pose_json_file",
          "type": "STRING",
          "link": 709,
          "widget": {
            "name": "input_pose_json_file"
          }
        },
        {
          "name": "ref_pose_json_file",
          "type": "STRING",
          "link": 711,
          "widget": {
            "name": "ref_pose_json_file"
          }
        }
      ],
      "outputs": [
        {
          "name": "IMAGE",
          "type": "IMAGE",
          "links": [
            713
          ],
          "shape": 3,
          "slot_index": 0
        },
        {
          "name": "BOOLEAN",
          "type": "BOOLEAN",
          "links": null,
          "shape": 3
        }
      ],
      "properties": {
        "Node name for S&R": "tri3d-pose-adaption"
      },
      "widgets_values": [
        "dwpose/keypoints",
        "dwpose/keypoints",
        "front",
        10,
        "shorts"
      ]
    },
    {
      "id": 460,
      "type": "tri3d-pose-adaption",
      "pos": [
        3107,
        880
      ],
      "size": {
        "0": 315,
        "1": 174
      },
      "flags": {},
      "order": 27,
      "mode": 0,
      "inputs": [
        {
          "name": "input_pose_json_file",
          "type": "STRING",
          "link": 710,
          "widget": {
            "name": "input_pose_json_file"
          }
        },
        {
          "name": "ref_pose_json_file",
          "type": "STRING",
          "link": 712,
          "widget": {
            "name": "ref_pose_json_file"
          }
        }
      ],
      "outputs": [
        {
          "name": "IMAGE",
          "type": "IMAGE",
          "links": [
            714
          ],
          "shape": 3,
          "slot_index": 0
        },
        {
          "name": "BOOLEAN",
          "type": "BOOLEAN",
          "links": null,
          "shape": 3
        }
      ],
      "properties": {
        "Node name for S&R": "tri3d-pose-adaption"
      },
      "widgets_values": [
        "dwpose/keypoints",
        "dwpose/keypoints",
        "front",
        10,
        "trouser"
      ]
    },
    {
      "id": 433,
      "type": "PreviewImage",
      "pos": [
        3912,
        -311
      ],
      "size": {
        "0": 210,
        "1": 246
      },
      "flags": {},
      "order": 23,
      "mode": 0,
      "inputs": [
        {
          "name": "images",
          "type": "IMAGE",
          "link": 695
        }
      ],
      "title": "Adapted pose",
      "properties": {
        "Node name for S&R": "PreviewImage"
      }
    },
    {
      "id": 453,
      "type": "PreviewImage",
      "pos": [
        3920,
        -6
      ],
      "size": {
        "0": 210,
        "1": 246
      },
      "flags": {},
      "order": 24,
      "mode": 0,
      "inputs": [
        {
          "name": "images",
          "type": "IMAGE",
          "link": 697
        }
      ],
      "properties": {
        "Node name for S&R": "PreviewImage"
      }
    },
    {
      "id": 449,
      "type": "PreviewImage",
      "pos": [
        3681,
        -312
      ],
      "size": {
        "0": 210,
        "1": 246
      },
      "flags": {},
      "order": 13,
      "mode": 0,
      "inputs": [
        {
          "name": "images",
          "type": "IMAGE",
          "link": 688
        }
      ],
      "title": "reference pose",
      "properties": {
        "Node name for S&R": "PreviewImage"
      }
    },
    {
      "id": 429,
      "type": "PreviewImage",
      "pos": [
        3456,
        -312
      ],
      "size": {
        "0": 210,
        "1": 246
      },
      "flags": {},
      "order": 18,
      "mode": 0,
      "inputs": [
        {
          "name": "images",
          "type": "IMAGE",
          "link": 729
        }
      ],
      "title": "Mannequin pose",
      "properties": {
        "Node name for S&R": "PreviewImage"
      }
    },
    {
      "id": 472,
      "type": "PreviewImage",
      "pos": [
        3462,
        599
      ],
      "size": {
        "0": 210,
        "1": 246
      },
      "flags": {},
      "order": 21,
      "mode": 0,
      "inputs": [
        {
          "name": "images",
          "type": "IMAGE",
          "link": 732
        }
      ],
      "title": "Mannequin pose",
      "properties": {
        "Node name for S&R": "PreviewImage"
      }
    },
    {
      "id": 466,
      "type": "PreviewImage",
      "pos": [
        3683,
        -11
      ],
      "size": {
        "0": 210,
        "1": 246
      },
      "flags": {},
      "order": 14,
      "mode": 0,
      "inputs": [
        {
          "name": "images",
          "type": "IMAGE",
          "link": 715
        }
      ],
      "title": "reference pose",
      "properties": {
        "Node name for S&R": "PreviewImage"
      }
    },
    {
      "id": 467,
      "type": "PreviewImage",
      "pos": [
        3694,
        291
      ],
      "size": {
        "0": 210,
        "1": 246
      },
      "flags": {},
      "order": 15,
      "mode": 0,
      "inputs": [
        {
          "name": "images",
          "type": "IMAGE",
          "link": 716
        }
      ],
      "title": "reference pose",
      "properties": {
        "Node name for S&R": "PreviewImage"
      }
    },
    {
      "id": 468,
      "type": "PreviewImage",
      "pos": [
        3694,
        595
      ],
      "size": {
        "0": 210,
        "1": 246
      },
      "flags": {},
      "order": 16,
      "mode": 0,
      "inputs": [
        {
          "name": "images",
          "type": "IMAGE",
          "link": 717
        }
      ],
      "title": "reference pose",
      "properties": {
        "Node name for S&R": "PreviewImage"
      }
    },
    {
      "id": 463,
      "type": "PreviewImage",
      "pos": [
        3938,
        893
      ],
      "size": [
        210,
        246
      ],
      "flags": {},
      "order": 29,
      "mode": 0,
      "inputs": [
        {
          "name": "images",
          "type": "IMAGE",
          "link": 714
        }
      ],
      "properties": {
        "Node name for S&R": "PreviewImage"
      }
    },
    {
      "id": 469,
      "type": "PreviewImage",
      "pos": [
        3704,
        899
      ],
      "size": {
        "0": 210,
        "1": 246
      },
      "flags": {},
      "order": 17,
      "mode": 0,
      "inputs": [
        {
          "name": "images",
          "type": "IMAGE",
          "link": 718
        }
      ],
      "title": "reference pose",
      "properties": {
        "Node name for S&R": "PreviewImage"
      }
    },
    {
      "id": 465,
      "type": "Note",
      "pos": [
        4178,
        27
      ],
      "size": [
        210,
        92.2290386458559
      ],
      "flags": {},
      "order": 0,
      "mode": 0,
      "properties": {
        "text": ""
      },
      "widgets_values": [
        "Half sleeve garment:\n\nelbow is locked"
      ],
      "color": "#432",
      "bgcolor": "#653"
    },
    {
      "id": 474,
      "type": "Note",
      "pos": [
        4177,
        331
      ],
      "size": [
        212.1254763879242,
        92.36577111644453
      ],
      "flags": {},
      "order": 1,
      "mode": 0,
      "properties": {
        "text": ""
      },
      "widgets_values": [
        "Full sleeve garment:\n\nelbow and wrist is locked"
      ],
      "color": "#432",
      "bgcolor": "#653"
    },
    {
      "id": 475,
      "type": "Note",
      "pos": [
        4182,
        629
      ],
      "size": [
        210,
        88.97728254514755
      ],
      "flags": {},
      "order": 2,
      "mode": 0,
      "properties": {
        "text": ""
      },
      "widgets_values": [
        "Shorts:\n\nKnee is locked"
      ],
      "color": "#432",
      "bgcolor": "#653"
    },
    {
      "id": 464,
      "type": "Note",
      "pos": [
        4165,
        -276
      ],
      "size": [
        224.99564455909967,
        106.9022225126921
      ],
      "flags": {},
      "order": 3,
      "mode": 0,
      "properties": {
        "text": ""
      },
      "widgets_values": [
        "No sleeve garment:\n\nno body part is locked"
      ],
      "color": "#432",
      "bgcolor": "#653"
    },
    {
      "id": 450,
      "type": "String",
      "pos": [
        2357,
        -31
      ],
      "size": {
        "0": 315,
        "1": 58
      },
      "flags": {},
      "order": 4,
      "mode": 0,
      "outputs": [
        {
          "name": "STRING",
          "type": "STRING",
          "links": [
            690,
            696,
            700,
            704,
            711,
            712
          ],
          "shape": 3,
          "slot_index": 0
        }
      ],
      "properties": {
        "Node name for S&R": "String"
      },
      "widgets_values": [
        "C:\\tri3d\\pose_library\\pose_maps\\SQUARE\\boys_ss_tshirt\\b10_ss_5_v1.json"
      ]
    },
    {
      "id": 479,
      "type": "String",
      "pos": [
        2395,
        -291
      ],
      "size": {
        "0": 315,
        "1": 58
      },
      "flags": {},
      "order": 5,
      "mode": 0,
      "outputs": [
        {
          "name": "STRING",
          "type": "STRING",
          "links": [
            724,
            725,
            726,
            727,
            728
          ],
          "shape": 3,
          "slot_index": 0
        }
      ],
      "properties": {
        "Node name for S&R": "String"
      },
      "widgets_values": [
        "C:\\tri3d\\pose_library\\testing\\Database\\dump_folder2\\mannequin.json"
      ]
    },
    {
      "id": 470,
      "type": "PreviewImage",
      "pos": [
        3453,
        -20
      ],
      "size": {
        "0": 210,
        "1": 246
      },
      "flags": {},
      "order": 19,
      "mode": 0,
      "inputs": [
        {
          "name": "images",
          "type": "IMAGE",
          "link": 730
        }
      ],
      "title": "Mannequin pose",
      "properties": {
        "Node name for S&R": "PreviewImage"
      }
    },
    {
      "id": 471,
      "type": "PreviewImage",
      "pos": [
        3458,
        278
      ],
      "size": {
        "0": 210,
        "1": 246
      },
      "flags": {},
      "order": 20,
      "mode": 0,
      "inputs": [
        {
          "name": "images",
          "type": "IMAGE",
          "link": 731
        }
      ],
      "title": "Mannequin pose",
      "properties": {
        "Node name for S&R": "PreviewImage"
      }
    },
    {
      "id": 478,
      "type": "tri3d-pose-to-image",
      "pos": [
        2747,
        -297
      ],
      "size": {
        "0": 315,
        "1": 58
      },
      "flags": {},
      "order": 8,
      "mode": 0,
      "inputs": [
        {
          "name": "pose_json_file",
          "type": "STRING",
          "link": 724,
          "widget": {
            "name": "pose_json_file"
          }
        }
      ],
      "outputs": [
        {
          "name": "IMAGE",
          "type": "IMAGE",
          "links": [
            729,
            730,
            731,
            732,
            733
          ],
          "shape": 3,
          "slot_index": 0
        }
      ],
      "properties": {
        "Node name for S&R": "tri3d-pose-to-image"
      },
      "widgets_values": [
        "dwpose/keypoints"
      ]
    },
    {
      "id": 473,
      "type": "PreviewImage",
      "pos": [
        3464,
        887
      ],
      "size": {
        "0": 210,
        "1": 246
      },
      "flags": {},
      "order": 22,
      "mode": 0,
      "inputs": [
        {
          "name": "images",
          "type": "IMAGE",
          "link": 733
        }
      ],
      "title": "Mannequin pose",
      "properties": {
        "Node name for S&R": "PreviewImage"
      }
    },
    {
      "id": 476,
      "type": "Note",
      "pos": [
        4186,
        934
      ],
      "size": [
        210,
        97.53709841711611
      ],
      "flags": {},
      "order": 6,
      "mode": 0,
      "properties": {
        "text": ""
      },
      "widgets_values": [
        "Trousers:\n\nKnee and leg is locked"
      ],
      "color": "#432",
      "bgcolor": "#653"
    }
  ],
  "links": [
    [
      688,
      448,
      0,
      449,
      0,
      "IMAGE"
    ],
    [
      690,
      450,
      0,
      448,
      0,
      "STRING"
    ],
    [
      695,
      456,
      0,
      433,
      0,
      "IMAGE"
    ],
    [
      696,
      450,
      0,
      456,
      1,
      "STRING"
    ],
    [
      697,
      457,
      0,
      453,
      0,
      "IMAGE"
    ],
    [
      698,
      458,
      0,
      454,
      0,
      "IMAGE"
    ],
    [
      700,
      450,
      0,
      457,
      1,
      "STRING"
    ],
    [
      704,
      450,
      0,
      458,
      1,
      "STRING"
    ],
    [
      709,
      461,
      0,
      459,
      0,
      "STRING"
    ],
    [
      710,
      461,
      0,
      460,
      0,
      "STRING"
    ],
    [
      711,
      450,
      0,
      459,
      1,
      "STRING"
    ],
    [
      712,
      450,
      0,
      460,
      1,
      "STRING"
    ],
    [
      713,
      459,
      0,
      462,
      0,
      "IMAGE"
    ],
    [
      714,
      460,
      0,
      463,
      0,
      "IMAGE"
    ],
    [
      715,
      448,
      0,
      466,
      0,
      "IMAGE"
    ],
    [
      716,
      448,
      0,
      467,
      0,
      "IMAGE"
    ],
    [
      717,
      448,
      0,
      468,
      0,
      "IMAGE"
    ],
    [
      718,
      448,
      0,
      469,
      0,
      "IMAGE"
    ],
    [
      724,
      479,
      0,
      478,
      0,
      "STRING"
    ],
    [
      725,
      479,
      0,
      456,
      0,
      "STRING"
    ],
    [
      726,
      479,
      0,
      457,
      0,
      "STRING"
    ],
    [
      727,
      479,
      0,
      458,
      0,
      "STRING"
    ],
    [
      728,
      479,
      0,
      461,
      0,
      "*"
    ],
    [
      729,
      478,
      0,
      429,
      0,
      "IMAGE"
    ],
    [
      730,
      478,
      0,
      470,
      0,
      "IMAGE"
    ],
    [
      731,
      478,
      0,
      471,
      0,
      "IMAGE"
    ],
    [
      732,
      478,
      0,
      472,
      0,
      "IMAGE"
    ],
    [
      733,
      478,
      0,
      473,
      0,
      "IMAGE"
    ]
  ],
  "groups": [],
  "config": {},
  "extra": {},
  "version": 0.4
}